"X","sample_pair","group","beta_div_method","beta_div_value","time"
1,"150-160","Time 0","bray",0.92,0
2,"150-173","Time 0","bray",0.918918918918919,0
3,"150-178","Time 0","bray",0.917322834645669,0
4,"150-195","Time 0","bray",0.908333333333333,0
5,"150-198","Time 0","bray",0.926829268292683,0
6,"150-200","Time 0","bray",0.913894324853229,0
7,"150-205","Time 0","bray",0.936134453781513,0
8,"150-24","Time 0","bray",0.937090432503277,0
9,"150-246","Time 0","bray",0.911864406779661,0
10,"150-264","Time 0","bray",0.923232323232323,0
11,"150-287","Time 0","bray",0.956284153005464,0
12,"150-297","Time 0","bray",0.973154362416107,0
13,"150-31","Time 0","bray",0.896907216494845,0
14,"150-32","Time 0","bray",0.907534246575342,0
15,"150-342","Time 0","bray",0.913333333333333,0
16,"150-348","Time 0","bray",0.932611311672684,0
17,"150-357","Time 0","bray",0.937229437229437,0
18,"150-365","Time 0","bray",0.9635079458505,0
19,"150-42","Time 0","bray",0.922480620155039,0
20,"150-48","Time 0","bray",0.921696574225122,0
21,"150-55","Time 0","bray",0.949755757152826,0
22,"150-63","Time 0","bray",0.930971843778383,0
23,"150-87","Time 0","bray",0.926078028747433,0
24,"160-173","Time 0","bray",0.892247043363995,0
25,"160-178","Time 0","bray",0.905482041587902,0
26,"160-195","Time 0","bray",0.839080459770115,0
27,"160-198","Time 0","bray",0.898635477582846,0
28,"160-200","Time 0","bray",0.902255639097744,0
29,"160-205","Time 0","bray",0.922378199834847,0
30,"160-24","Time 0","bray",0.892857142857143,0
31,"160-246","Time 0","bray",0.905073649754501,0
32,"160-264","Time 0","bray",0.895348837209302,0
33,"160-287","Time 0","bray",0.940740740740741,0
34,"160-297","Time 0","bray",0.952941176470588,0
35,"160-31","Time 0","bray",0.880597014925373,0
36,"160-32","Time 0","bray",0.910743801652893,0
37,"160-342","Time 0","bray",0.877616747181965,0
38,"160-348","Time 0","bray",0.908450704225352,0
39,"160-357","Time 0","bray",0.911111111111111,0
40,"160-365","Time 0","bray",0.936046511627907,0
41,"160-42","Time 0","bray",0.912912912912913,0
42,"160-48","Time 0","bray",0.933753943217666,0
43,"160-55","Time 0","bray",0.939477303988996,0
44,"160-63","Time 0","bray",0.918003565062389,0
45,"160-87","Time 0","bray",0.885826771653543,0
46,"173-178","Time 0","bray",0.853118712273642,0
47,"173-195","Time 0","bray",0.909090909090909,0
48,"173-198","Time 0","bray",0.893660531697341,0
49,"173-200","Time 0","bray",0.843530591775326,0
50,"173-205","Time 0","bray",0.788782816229117,0
51,"173-24","Time 0","bray",0.849479583666934,0
52,"173-246","Time 0","bray",0.855018587360595,0
53,"173-264","Time 0","bray",0.879714576962283,0
54,"173-287","Time 0","bray",0.853333333333333,0
55,"173-297","Time 0","bray",0.981102362204724,0
56,"173-31","Time 0","bray",0.831460674157303,0
57,"173-32","Time 0","bray",0.835514018691589,0
58,"173-342","Time 0","bray",0.847145488029466,0
59,"173-348","Time 0","bray",0.840546697038724,0
60,"173-357","Time 0","bray",0.843971631205674,0
61,"173-365","Time 0","bray",0.871853546910755,0
62,"173-42","Time 0","bray",0.86737400530504,0
63,"173-48","Time 0","bray",0.839854413102821,0
64,"173-55","Time 0","bray",0.849921834288692,0
65,"173-63","Time 0","bray",0.805923125393825,0
66,"173-87","Time 0","bray",0.854059609455293,0
67,"178-195","Time 0","bray",0.902834008097166,0
68,"178-198","Time 0","bray",0.908847184986595,0
69,"178-200","Time 0","bray",0.861437908496732,0
70,"178-205","Time 0","bray",0.8601108033241,0
71,"178-24","Time 0","bray",0.870206489675516,0
72,"178-246","Time 0","bray",0.893364928909953,0
73,"178-264","Time 0","bray",0.879839786381842,0
74,"178-287","Time 0","bray",0.873108265424913,0
75,"178-297","Time 0","bray",0.970223325062035,0
76,"178-31","Time 0","bray",0.849282296650718,0
77,"178-32","Time 0","bray",0.844868735083532,0
78,"178-342","Time 0","bray",0.866510538641686,0
79,"178-348","Time 0","bray",0.870967741935484,0
80,"178-357","Time 0","bray",0.872665534804754,0
81,"178-365","Time 0","bray",0.906810035842294,0
82,"178-42","Time 0","bray",0.879866518353726,0
83,"178-48","Time 0","bray",0.870818915801615,0
84,"178-55","Time 0","bray",0.888559573206876,0
85,"178-63","Time 0","bray",0.861254612546125,0
86,"178-87","Time 0","bray",0.856950067476383,0
87,"195-198","Time 0","bray",0.895397489539749,0
88,"195-200","Time 0","bray",0.903420523138833,0
89,"195-205","Time 0","bray",0.925170068027211,0
90,"195-24","Time 0","bray",0.914552736982643,0
91,"195-246","Time 0","bray",0.920138888888889,0
92,"195-264","Time 0","bray",0.916839916839917,0
93,"195-287","Time 0","bray",0.947586206896552,0
94,"195-297","Time 0","bray",0.940740740740741,0
95,"195-31","Time 0","bray",0.908450704225352,0
96,"195-32","Time 0","bray",0.891228070175439,0
97,"195-342","Time 0","bray",0.918088737201365,0
98,"195-348","Time 0","bray",0.91921664626683,0
99,"195-357","Time 0","bray",0.925274725274725,0
100,"195-365","Time 0","bray",0.95727002967359,0
101,"195-42","Time 0","bray",0.933438985736926,0
102,"195-48","Time 0","bray",0.909849749582638,0
103,"195-55","Time 0","bray",0.949260042283298,0
104,"195-63","Time 0","bray",0.922723091076357,0
105,"195-87","Time 0","bray",0.894291754756871,0
106,"198-200","Time 0","bray",0.898531375166889,0
107,"198-205","Time 0","bray",0.878151260504202,0
108,"198-24","Time 0","bray",0.852147852147852,0
109,"198-246","Time 0","bray",0.900966183574879,0
110,"198-264","Time 0","bray",0.915416098226467,0
111,"198-287","Time 0","bray",0.901292596944771,0
112,"198-297","Time 0","bray",0.974160206718346,0
113,"198-31","Time 0","bray",0.88780487804878,0
114,"198-32","Time 0","bray",0.91970802919708,0
115,"198-342","Time 0","bray",0.880668257756563,0
116,"198-348","Time 0","bray",0.876520112254443,0
117,"198-357","Time 0","bray",0.879518072289157,0
118,"198-365","Time 0","bray",0.907072792978833,0
119,"198-42","Time 0","bray",0.843714609286523,0
120,"198-48","Time 0","bray",0.891891891891892,0
121,"198-55","Time 0","bray",0.894673847995212,0
122,"198-63","Time 0","bray",0.892457057505601,0
123,"198-87","Time 0","bray",0.897931034482759,0
124,"200-205","Time 0","bray",0.868693849343469,0
125,"200-24","Time 0","bray",0.880392156862745,0
126,"200-246","Time 0","bray",0.8913813459268,0
127,"200-264","Time 0","bray",0.877659574468085,0
128,"200-287","Time 0","bray",0.89192330040674,0
129,"200-297","Time 0","bray",0.970443349753695,0
130,"200-31","Time 0","bray",0.852205005959476,0
131,"200-32","Time 0","bray",0.83115338882283,0
132,"200-342","Time 0","bray",0.869311551925321,0
133,"200-348","Time 0","bray",0.854779411764706,0
134,"200-357","Time 0","bray",0.874682472480948,0
135,"200-365","Time 0","bray",0.924335378323108,0
136,"200-42","Time 0","bray",0.893569844789357,0
137,"200-48","Time 0","bray",0.850574712643678,0
138,"200-55","Time 0","bray",0.897041420118343,0
139,"200-63","Time 0","bray",0.855670103092783,0
140,"200-87","Time 0","bray",0.873655913978495,0
141,"205-24","Time 0","bray",0.825779870512066,0
142,"205-246","Time 0","bray",0.872870249017038,0
143,"205-264","Time 0","bray",0.858839972047519,0
144,"205-287","Time 0","bray",0.796666666666667,0
145,"205-297","Time 0","bray",0.988940092165899,0
146,"205-31","Time 0","bray",0.855072463768116,0
147,"205-32","Time 0","bray",0.851315789473684,0
148,"205-342","Time 0","bray",0.850260416666667,0
149,"205-348","Time 0","bray",0.807583474816072,0
150,"205-357","Time 0","bray",0.818279569892473,0
151,"205-365","Time 0","bray",0.845920303605313,0
152,"205-42","Time 0","bray",0.868437697659709,0
153,"205-48","Time 0","bray",0.859264041316979,0
154,"205-55","Time 0","bray",0.829463908822288,0
155,"205-63","Time 0","bray",0.781050564555719,0
156,"205-87","Time 0","bray",0.866479269149684,0
157,"24-246","Time 0","bray",0.876251137397634,0
158,"24-264","Time 0","bray",0.886454183266932,0
159,"24-287","Time 0","bray",0.877344145970603,0
160,"24-297","Time 0","bray",0.984802431610942,0
161,"24-31","Time 0","bray",0.888175985334555,0
162,"24-32","Time 0","bray",0.862763037511436,0
163,"24-342","Time 0","bray",0.859332732191163,0
164,"24-348","Time 0","bray",0.832835820895522,0
165,"24-357","Time 0","bray",0.842288904396371,0
166,"24-365","Time 0","bray",0.84963768115942,0
167,"24-42","Time 0","bray",0.854419410745234,0
168,"24-48","Time 0","bray",0.89126559714795,0
169,"24-55","Time 0","bray",0.870236869207003,0
170,"24-63","Time 0","bray",0.857142857142857,0
171,"24-87","Time 0","bray",0.865461847389558,0
172,"246-264","Time 0","bray",0.89410348977136,0
173,"246-287","Time 0","bray",0.905555555555556,0
174,"246-297","Time 0","bray",0.975257731958763,0
175,"246-31","Time 0","bray",0.87363834422658,0
176,"246-32","Time 0","bray",0.871739130434783,0
177,"246-342","Time 0","bray",0.865384615384615,0
178,"246-348","Time 0","bray",0.87146529562982,0
179,"246-357","Time 0","bray",0.879365079365079,0
180,"246-365","Time 0","bray",0.886977886977887,0
181,"246-42","Time 0","bray",0.861365953109072,0
182,"246-48","Time 0","bray",0.896733403582719,0
183,"246-55","Time 0","bray",0.909553420011306,0
184,"246-63","Time 0","bray",0.892832289491997,0
185,"246-87","Time 0","bray",0.871202916160389,0
186,"264-287","Time 0","bray",0.901466275659824,0
187,"264-297","Time 0","bray",0.969230769230769,0
188,"264-31","Time 0","bray",0.880923450789793,0
189,"264-32","Time 0","bray",0.864242424242424,0
190,"264-342","Time 0","bray",0.883472057074911,0
191,"264-348","Time 0","bray",0.861940298507463,0
192,"264-357","Time 0","bray",0.857510729613734,0
193,"264-365","Time 0","bray",0.870103092783505,0
194,"264-42","Time 0","bray",0.920993227990971,0
195,"264-48","Time 0","bray",0.885245901639344,0
196,"264-55","Time 0","bray",0.905615292712067,0
197,"264-63","Time 0","bray",0.870342771982116,0
198,"264-87","Time 0","bray",0.870879120879121,0
199,"287-297","Time 0","bray",0.992641648270787,0
200,"287-31","Time 0","bray",0.857142857142857,0
201,"287-32","Time 0","bray",0.881828316610925,0
202,"287-342","Time 0","bray",0.868508287292818,0
203,"287-348","Time 0","bray",0.837334639882411,0
204,"287-357","Time 0","bray",0.839737582005623,0
205,"287-365","Time 0","bray",0.836369886558955,0
206,"287-42","Time 0","bray",0.885714285714286,0
207,"287-48","Time 0","bray",0.877125617114646,0
208,"287-55","Time 0","bray",0.789632992811199,0
209,"287-63","Time 0","bray",0.832107312851579,0
210,"287-87","Time 0","bray",0.891573364761344,0
211,"297-31","Time 0","bray",0.970649895178197,0
212,"297-32","Time 0","bray",0.98329853862213,0
213,"297-342","Time 0","bray",0.983838383838384,0
214,"297-348","Time 0","bray",0.980716253443526,0
215,"297-357","Time 0","bray",0.978021978021978,0
216,"297-365","Time 0","bray",0.989962358845671,0
217,"297-42","Time 0","bray",0.981481481481482,0
218,"297-48","Time 0","bray",0.976377952755906,0
219,"297-55","Time 0","bray",0.987951807228916,0
220,"297-63","Time 0","bray",0.983935742971888,0
221,"297-87","Time 0","bray",0.973821989528796,0
222,"31-32","Time 0","bray",0.866228070175439,0
223,"31-342","Time 0","bray",0.868534482758621,0
224,"31-348","Time 0","bray",0.860224331320104,0
225,"31-357","Time 0","bray",0.851437699680511,0
226,"31-365","Time 0","bray",0.89146521953626,0
227,"31-42","Time 0","bray",0.872559095580678,0
228,"31-48","Time 0","bray",0.85759829968119,0
229,"31-55","Time 0","bray",0.871663827370812,0
230,"31-63","Time 0","bray",0.862841147655703,0
231,"31-87","Time 0","bray",0.869938650306748,0
232,"32-342","Time 0","bray",0.858064516129032,0
233,"32-348","Time 0","bray",0.843238587424634,0
234,"32-357","Time 0","bray",0.866028708133971,0
235,"32-365","Time 0","bray",0.901429275505175,0
236,"32-42","Time 0","bray",0.881025641025641,0
237,"32-48","Time 0","bray",0.840933191940615,0
238,"32-55","Time 0","bray",0.872943845717527,0
239,"32-63","Time 0","bray",0.829489867225716,0
240,"32-87","Time 0","bray",0.86780905752754,0
241,"342-348","Time 0","bray",0.855564995751912,0
242,"342-357","Time 0","bray",0.839370078740157,0
243,"342-365","Time 0","bray",0.88361858190709,0
244,"342-42","Time 0","bray",0.8627648839556,0
245,"342-48","Time 0","bray",0.870698644421272,0
246,"342-55","Time 0","bray",0.87858347386172,0
247,"342-63","Time 0","bray",0.867311679336558,0
248,"342-87","Time 0","bray",0.841536614645858,0
249,"348-357","Time 0","bray",0.812125249833444,0
250,"348-365","Time 0","bray",0.833040421792619,0
251,"348-42","Time 0","bray",0.854337152209493,0
252,"348-48","Time 0","bray",0.853781512605042,0
253,"348-55","Time 0","bray",0.856716417910448,0
254,"348-63","Time 0","bray",0.828367103694875,0
255,"348-87","Time 0","bray",0.860902255639098,0
256,"357-365","Time 0","bray",0.820177289995779,0
257,"357-42","Time 0","bray",0.860076045627376,0
258,"357-48","Time 0","bray",0.864380358534684,0
259,"357-55","Time 0","bray",0.843081312410842,0
260,"357-63","Time 0","bray",0.831733483907397,0
261,"357-87","Time 0","bray",0.858254105445117,0
262,"365-42","Time 0","bray",0.889952153110048,0
263,"365-48","Time 0","bray",0.905733722060253,0
264,"365-55","Time 0","bray",0.845726198749131,0
265,"365-63","Time 0","bray",0.854673998428908,0
266,"365-87","Time 0","bray",0.912008281573499,0
267,"42-48","Time 0","bray",0.894422310756972,0
268,"42-55","Time 0","bray",0.889254385964912,0
269,"42-63","Time 0","bray",0.880697050938338,0
270,"42-87","Time 0","bray",0.888382687927107,0
271,"48-55","Time 0","bray",0.891741071428571,0
272,"48-63","Time 0","bray",0.86027397260274,0
273,"48-87","Time 0","bray",0.874704491725768,0
274,"55-63","Time 0","bray",0.831578947368421,0
275,"55-87","Time 0","bray",0.891956782713085,0
276,"63-87","Time 0","bray",0.87256371814093,0
277,"101-112","Time 1","bray",0.761006289308176,1
278,"101-130","Time 1","bray",0.83634431455898,1
279,"101-139","Time 1","bray",0.715959004392387,1
280,"101-167","Time 1","bray",0.65311004784689,1
281,"101-197","Time 1","bray",0.724137931034483,1
282,"101-23","Time 1","bray",0.75,1
283,"101-241","Time 1","bray",0.776141384388807,1
284,"101-243","Time 1","bray",0.860194174757282,1
285,"101-257","Time 1","bray",0.714719271623672,1
286,"101-263","Time 1","bray",0.845303867403315,1
287,"101-269","Time 1","bray",0.704663212435233,1
288,"101-279","Time 1","bray",0.678524374176548,1
289,"101-291","Time 1","bray",0.857988165680473,1
290,"101-295","Time 1","bray",0.936842105263158,1
291,"101-300","Time 1","bray",0.781002638522427,1
292,"101-318","Time 1","bray",0.743386243386243,1
293,"101-323","Time 1","bray",0.807142857142857,1
294,"101-343","Time 1","bray",0.663716814159292,1
295,"101-358","Time 1","bray",0.747954173486088,1
296,"101-359","Time 1","bray",0.75328947368421,1
297,"101-46","Time 1","bray",0.745736434108527,1
298,"101-5","Time 1","bray",0.779632721202003,1
299,"101-96","Time 1","bray",0.722077922077922,1
300,"112-130","Time 1","bray",0.826829268292683,1
301,"112-139","Time 1","bray",0.786476868327402,1
302,"112-167","Time 1","bray",0.756643356643357,1
303,"112-197","Time 1","bray",0.619205298013245,1
304,"112-23","Time 1","bray",0.736040609137056,1
305,"112-241","Time 1","bray",0.756272401433692,1
306,"112-243","Time 1","bray",0.83756345177665,1
307,"112-257","Time 1","bray",0.717472118959108,1
308,"112-263","Time 1","bray",0.786729857819905,1
309,"112-269","Time 1","bray",0.720430107526882,1
310,"112-279","Time 1","bray",0.705329153605016,1
311,"112-291","Time 1","bray",0.8860103626943,1
312,"112-295","Time 1","bray",0.92090395480226,1
313,"112-300","Time 1","bray",0.679748822605965,1
314,"112-318","Time 1","bray",0.760629921259843,1
315,"112-323","Time 1","bray",0.790432801822323,1
316,"112-343","Time 1","bray",0.734328358208955,1
317,"112-358","Time 1","bray",0.755102040816326,1
318,"112-359","Time 1","bray",0.761806981519507,1
319,"112-46","Time 1","bray",0.801526717557252,1
320,"112-5","Time 1","bray",0.774058577405858,1
321,"112-96","Time 1","bray",0.63944530046225,1
322,"130-139","Time 1","bray",0.833333333333333,1
323,"130-167","Time 1","bray",0.80952380952381,1
324,"130-197","Time 1","bray",0.810666666666667,1
325,"130-23","Time 1","bray",0.934871099050203,1
326,"130-241","Time 1","bray",0.855113636363636,1
327,"130-243","Time 1","bray",0.955555555555556,1
328,"130-257","Time 1","bray",0.859649122807018,1
329,"130-263","Time 1","bray",0.943661971830986,1
330,"130-269","Time 1","bray",0.824341279799247,1
331,"130-279","Time 1","bray",0.823979591836735,1
332,"130-291","Time 1","bray",0.93609022556391,1
333,"130-295","Time 1","bray",0.972,1
334,"130-300","Time 1","bray",0.813537675606641,1
335,"130-318","Time 1","bray",0.866837387964149,1
336,"130-323","Time 1","bray",0.924786324786325,1
337,"130-343","Time 1","bray",0.830882352941177,1
338,"130-358","Time 1","bray",0.89937106918239,1
339,"130-359","Time 1","bray",0.914691943127962,1
340,"130-46","Time 1","bray",0.841791044776119,1
341,"130-5","Time 1","bray",0.913461538461538,1
342,"130-96","Time 1","bray",0.80125786163522,1
343,"139-167","Time 1","bray",0.721393034825871,1
344,"139-197","Time 1","bray",0.711382113821138,1
345,"139-23","Time 1","bray",0.711899791231733,1
346,"139-241","Time 1","bray",0.757847533632287,1
347,"139-243","Time 1","bray",0.787234042553192,1
348,"139-257","Time 1","bray",0.68075117370892,1
349,"139-263","Time 1","bray",0.832258064516129,1
350,"139-269","Time 1","bray",0.714285714285714,1
351,"139-279","Time 1","bray",0.695817490494297,1
352,"139-291","Time 1","bray",0.861313868613139,1
353,"139-295","Time 1","bray",0.892561983471074,1
354,"139-300","Time 1","bray",0.805714285714286,1
355,"139-318","Time 1","bray",0.739961759082218,1
356,"139-323","Time 1","bray",0.749235474006116,1
357,"139-343","Time 1","bray",0.702508960573477,1
358,"139-358","Time 1","bray",0.708994708994709,1
359,"139-359","Time 1","bray",0.701333333333333,1
360,"139-46","Time 1","bray",0.766990291262136,1
361,"139-5","Time 1","bray",0.726775956284153,1
362,"139-96","Time 1","bray",0.7243947858473,1
363,"167-197","Time 1","bray",0.733333333333333,1
364,"167-23","Time 1","bray",0.784810126582278,1
365,"167-241","Time 1","bray",0.736227045075125,1
366,"167-243","Time 1","bray",0.866666666666667,1
367,"167-257","Time 1","bray",0.696027633851468,1
368,"167-263","Time 1","bray",0.857451403887689,1
369,"167-269","Time 1","bray",0.69364161849711,1
370,"167-279","Time 1","bray",0.681885125184094,1
371,"167-291","Time 1","bray",0.822014051522248,1
372,"167-295","Time 1","bray",0.934177215189873,1
373,"167-300","Time 1","bray",0.799410029498525,1
374,"167-318","Time 1","bray",0.736686390532544,1
375,"167-323","Time 1","bray",0.8,1
376,"167-343","Time 1","bray",0.679324894514768,1
377,"167-358","Time 1","bray",0.751412429378531,1
378,"167-359","Time 1","bray",0.772727272727273,1
379,"167-46","Time 1","bray",0.702654867256637,1
380,"167-5","Time 1","bray",0.76878612716763,1
381,"167-96","Time 1","bray",0.718840579710145,1
382,"197-23","Time 1","bray",0.650671785028791,1
383,"197-241","Time 1","bray",0.778688524590164,1
384,"197-243","Time 1","bray",0.802469135802469,1
385,"197-257","Time 1","bray",0.670940170940171,1
386,"197-263","Time 1","bray",0.664772727272727,1
387,"197-269","Time 1","bray",0.697074010327022,1
388,"197-279","Time 1","bray",0.658450704225352,1
389,"197-291","Time 1","bray",0.848101265822785,1
390,"197-295","Time 1","bray",0.901408450704225,1
391,"197-300","Time 1","bray",0.608465608465608,1
392,"197-318","Time 1","bray",0.702654867256637,1
393,"197-323","Time 1","bray",0.712737127371274,1
394,"197-343","Time 1","bray",0.656666666666667,1
395,"197-358","Time 1","bray",0.695238095238095,1
396,"197-359","Time 1","bray",0.697841726618705,1
397,"197-46","Time 1","bray",0.79295154185022,1
398,"197-5","Time 1","bray",0.656862745098039,1
399,"197-96","Time 1","bray",0.523316062176166,1
400,"23-241","Time 1","bray",0.785263157894737,1
401,"23-243","Time 1","bray",0.768488745980707,1
402,"23-257","Time 1","bray",0.617582417582418,1
403,"23-263","Time 1","bray",0.746312684365782,1
404,"23-269","Time 1","bray",0.742957746478873,1
405,"23-279","Time 1","bray",0.693693693693694,1
406,"23-291","Time 1","bray",0.854785478547855,1
407,"23-295","Time 1","bray",0.904059040590406,1
408,"23-300","Time 1","bray",0.714801444043321,1
409,"23-318","Time 1","bray",0.757246376811594,1
410,"23-323","Time 1","bray",0.702247191011236,1
411,"23-343","Time 1","bray",0.710391822827939,1
412,"23-358","Time 1","bray",0.631449631449631,1
413,"23-359","Time 1","bray",0.702970297029703,1
414,"23-46","Time 1","bray",0.804988662131519,1
415,"23-5","Time 1","bray",0.675949367088608,1
416,"23-96","Time 1","bray",0.678445229681979,1
417,"241-243","Time 1","bray",0.83453237410072,1
418,"241-257","Time 1","bray",0.739336492890995,1
419,"241-263","Time 1","bray",0.862745098039216,1
420,"241-269","Time 1","bray",0.738317757009346,1
421,"241-279","Time 1","bray",0.735632183908046,1
422,"241-291","Time 1","bray",0.859259259259259,1
423,"241-295","Time 1","bray",0.915966386554622,1
424,"241-300","Time 1","bray",0.800383877159309,1
425,"241-318","Time 1","bray",0.799614643545279,1
426,"241-323","Time 1","bray",0.814241486068111,1
427,"241-343","Time 1","bray",0.76173285198556,1
428,"241-358","Time 1","bray",0.759358288770054,1
429,"241-359","Time 1","bray",0.762803234501348,1
430,"241-46","Time 1","bray",0.784313725490196,1
431,"241-5","Time 1","bray",0.756906077348066,1
432,"241-96","Time 1","bray",0.771106941838649,1
433,"243-257","Time 1","bray",0.744186046511628,1
434,"243-263","Time 1","bray",0.788732394366197,1
435,"243-269","Time 1","bray",0.811320754716981,1
436,"243-279","Time 1","bray",0.804469273743017,1
437,"243-291","Time 1","bray",0.811320754716981,1
438,"243-295","Time 1","bray",0.783783783783784,1
439,"243-300","Time 1","bray",0.815126050420168,1
440,"243-318","Time 1","bray",0.830985915492958,1
441,"243-323","Time 1","bray",0.685534591194969,1
442,"243-343","Time 1","bray",0.805128205128205,1
443,"243-358","Time 1","bray",0.685714285714286,1
444,"243-359","Time 1","bray",0.758454106280193,1
445,"243-46","Time 1","bray",0.827868852459016,1
446,"243-5","Time 1","bray",0.686868686868687,1
447,"243-96","Time 1","bray",0.826558265582656,1
448,"257-263","Time 1","bray",0.79020979020979,1
449,"257-269","Time 1","bray",0.685436893203883,1
450,"257-279","Time 1","bray",0.641434262948207,1
451,"257-291","Time 1","bray",0.832,1
452,"257-295","Time 1","bray",0.871559633027523,1
453,"257-300","Time 1","bray",0.740518962075848,1
454,"257-318","Time 1","bray",0.711422845691383,1
455,"257-323","Time 1","bray",0.683168316831683,1
456,"257-343","Time 1","bray",0.685393258426966,1
457,"257-358","Time 1","bray",0.598870056497175,1
458,"257-359","Time 1","bray",0.709401709401709,1
459,"257-46","Time 1","bray",0.695876288659794,1
460,"257-5","Time 1","bray",0.660818713450292,1
461,"257-96","Time 1","bray",0.672514619883041,1
462,"263-269","Time 1","bray",0.819548872180451,1
463,"263-279","Time 1","bray",0.792746113989637,1
464,"263-291","Time 1","bray",0.835820895522388,1
465,"263-295","Time 1","bray",0.823529411764706,1
466,"263-300","Time 1","bray",0.755844155844156,1
467,"263-318","Time 1","bray",0.827676240208877,1
468,"263-323","Time 1","bray",0.72192513368984,1
469,"263-343","Time 1","bray",0.799043062200957,1
470,"263-358","Time 1","bray",0.789915966386555,1
471,"263-359","Time 1","bray",0.787234042553192,1
472,"263-46","Time 1","bray",0.86764705882353,1
473,"263-5","Time 1","bray",0.725663716814159,1
474,"263-96","Time 1","bray",0.707808564231738,1
475,"269-279","Time 1","bray",0.626016260162602,1
476,"269-291","Time 1","bray",0.851239669421488,1
477,"269-295","Time 1","bray",0.909365558912387,1
478,"269-300","Time 1","bray",0.752442996742671,1
479,"269-318","Time 1","bray",0.696078431372549,1
480,"269-323","Time 1","bray",0.706730769230769,1
481,"269-343","Time 1","bray",0.675425038639876,1
482,"269-358","Time 1","bray",0.725910064239829,1
483,"269-359","Time 1","bray",0.741379310344828,1
484,"269-46","Time 1","bray",0.756487025948104,1
485,"269-5","Time 1","bray",0.648351648351648,1
486,"269-96","Time 1","bray",0.699680511182109,1
487,"279-291","Time 1","bray",0.851428571428571,1
488,"279-295","Time 1","bray",0.905660377358491,1
489,"279-300","Time 1","bray",0.720465890183028,1
490,"279-318","Time 1","bray",0.679465776293823,1
491,"279-323","Time 1","bray",0.692307692307692,1
492,"279-343","Time 1","bray",0.662460567823344,1
493,"279-358","Time 1","bray",0.651982378854626,1
494,"279-359","Time 1","bray",0.716186252771619,1
495,"279-46","Time 1","bray",0.733606557377049,1
496,"279-5","Time 1","bray",0.638009049773756,1
497,"279-96","Time 1","bray",0.641109298531811,1
498,"291-295","Time 1","bray",0.818181818181818,1
499,"291-300","Time 1","bray",0.879656160458453,1
500,"291-318","Time 1","bray",0.855907780979827,1
501,"291-323","Time 1","bray",0.841059602649007,1
502,"291-343","Time 1","bray",0.848167539267016,1
503,"291-358","Time 1","bray",0.801980198019802,1
504,"291-359","Time 1","bray",0.78894472361809,1
505,"291-46","Time 1","bray",0.805084745762712,1
506,"291-5","Time 1","bray",0.842105263157895,1
507,"291-96","Time 1","bray",0.867036011080332,1
508,"295-300","Time 1","bray",0.899053627760252,1
509,"295-318","Time 1","bray",0.917460317460317,1
510,"295-323","Time 1","bray",0.831932773109244,1
511,"295-343","Time 1","bray",0.914285714285714,1
512,"295-358","Time 1","bray",0.858823529411765,1
513,"295-359","Time 1","bray",0.868263473053892,1
514,"295-46","Time 1","bray",0.892156862745098,1
515,"295-5","Time 1","bray",0.873417721518987,1
516,"295-96","Time 1","bray",0.908814589665654,1
517,"300-318","Time 1","bray",0.762541806020067,1
518,"300-323","Time 1","bray",0.796019900497512,1
519,"300-343","Time 1","bray",0.725118483412322,1
520,"300-358","Time 1","bray",0.735099337748344,1
521,"300-359","Time 1","bray",0.773333333333333,1
522,"300-46","Time 1","bray",0.811088295687885,1
523,"300-5","Time 1","bray",0.786848072562358,1
524,"300-96","Time 1","bray",0.647058823529412,1
525,"318-323","Time 1","bray",0.76,1
526,"318-343","Time 1","bray",0.746434231378764,1
527,"318-358","Time 1","bray",0.725055432372506,1
528,"318-359","Time 1","bray",0.78125,1
529,"318-46","Time 1","bray",0.77319587628866,1
530,"318-5","Time 1","bray",0.740318906605923,1
531,"318-96","Time 1","bray",0.737704918032787,1
532,"323-343","Time 1","bray",0.770114942528736,1
533,"323-358","Time 1","bray",0.67843137254902,1
534,"323-359","Time 1","bray",0.722222222222222,1
535,"323-46","Time 1","bray",0.778546712802768,1
536,"323-5","Time 1","bray",0.522633744855967,1
537,"323-96","Time 1","bray",0.748792270531401,1
538,"343-358","Time 1","bray",0.716049382716049,1
539,"343-359","Time 1","bray",0.747412008281574,1
540,"343-46","Time 1","bray",0.742307692307692,1
541,"343-5","Time 1","bray",0.70042194092827,1
542,"343-96","Time 1","bray",0.683720930232558,1
543,"358-359","Time 1","bray",0.676567656765677,1
544,"358-46","Time 1","bray",0.729411764705882,1
545,"358-5","Time 1","bray",0.625850340136054,1
546,"358-96","Time 1","bray",0.711827956989247,1
547,"359-46","Time 1","bray",0.810089020771513,1
548,"359-5","Time 1","bray",0.711340206185567,1
549,"359-96","Time 1","bray",0.705627705627706,1
550,"46-5","Time 1","bray",0.75,1
551,"46-96","Time 1","bray",0.763527054108216,1
552,"5-96","Time 1","bray",0.704194260485651,1
553,"102-105","Time 2","bray",0.859310344827586,2
554,"102-111","Time 2","bray",0.815384615384615,2
555,"102-129","Time 2","bray",0.787096774193548,2
556,"102-134","Time 2","bray",0.742105263157895,2
557,"102-144","Time 2","bray",0.845965770171149,2
558,"102-146","Time 2","bray",0.769072164948454,2
559,"102-19","Time 2","bray",0.78021978021978,2
560,"102-193","Time 2","bray",0.847750865051903,2
561,"102-218","Time 2","bray",0.815533980582524,2
562,"102-232","Time 2","bray",0.872,2
563,"102-235","Time 2","bray",0.895495495495495,2
564,"102-242","Time 2","bray",0.892797319932998,2
565,"102-244","Time 2","bray",0.857142857142857,2
566,"102-250","Time 2","bray",0.795275590551181,2
567,"102-27","Time 2","bray",0.88235294117647,2
568,"102-275","Time 2","bray",0.807692307692308,2
569,"102-286","Time 2","bray",0.877159309021113,2
570,"102-340","Time 2","bray",0.895131086142322,2
571,"102-341","Time 2","bray",0.826825127334465,2
572,"102-36","Time 2","bray",0.91103507271172,2
573,"102-369","Time 2","bray",0.826530612244898,2
574,"102-37","Time 2","bray",0.87037037037037,2
575,"102-83","Time 2","bray",0.881188118811881,2
576,"105-111","Time 2","bray",0.835616438356164,2
577,"105-129","Time 2","bray",0.78866474543708,2
578,"105-134","Time 2","bray",0.820224719101124,2
579,"105-144","Time 2","bray",0.764326069410815,2
580,"105-146","Time 2","bray",0.801324503311258,2
581,"105-19","Time 2","bray",0.789382071366406,2
582,"105-193","Time 2","bray",0.890140845070423,2
583,"105-218","Time 2","bray",0.801732435033686,2
584,"105-232","Time 2","bray",0.793499043977055,2
585,"105-235","Time 2","bray",0.821032005225343,2
586,"105-242","Time 2","bray",0.795665634674923,2
587,"105-244","Time 2","bray",0.847236180904523,2
588,"105-250","Time 2","bray",0.817007534983854,2
589,"105-27","Time 2","bray",0.798611111111111,2
590,"105-275","Time 2","bray",0.839490445859873,2
591,"105-286","Time 2","bray",0.804511278195489,2
592,"105-340","Time 2","bray",0.80658159838818,2
593,"105-341","Time 2","bray",0.776237623762376,2
594,"105-36","Time 2","bray",0.812578616352201,2
595,"105-369","Time 2","bray",0.842558425584256,2
596,"105-37","Time 2","bray",0.900671140939597,2
597,"105-83","Time 2","bray",0.832521908471276,2
598,"111-129","Time 2","bray",0.805447470817121,2
599,"111-134","Time 2","bray",0.728813559322034,2
600,"111-144","Time 2","bray",0.803921568627451,2
601,"111-146","Time 2","bray",0.776729559748428,2
602,"111-19","Time 2","bray",0.808873720136519,2
603,"111-193","Time 2","bray",0.9,2
604,"111-218","Time 2","bray",0.776332899869961,2
605,"111-232","Time 2","bray",0.819587628865979,2
606,"111-235","Time 2","bray",0.855670103092783,2
607,"111-242","Time 2","bray",0.866171003717472,2
608,"111-244","Time 2","bray",0.862068965517241,2
609,"111-250","Time 2","bray",0.845220030349014,2
610,"111-27","Time 2","bray",0.795918367346939,2
611,"111-275","Time 2","bray",0.833009708737864,2
612,"111-286","Time 2","bray",0.8558256496228,2
613,"111-340","Time 2","bray",0.84577522559475,2
614,"111-341","Time 2","bray",0.789189189189189,2
615,"111-36","Time 2","bray",0.857575757575758,2
616,"111-369","Time 2","bray",0.793738489871087,2
617,"111-37","Time 2","bray",0.890526315789474,2
618,"111-83","Time 2","bray",0.85997357992074,2
619,"129-134","Time 2","bray",0.727011494252874,2
620,"129-144","Time 2","bray",0.754850088183421,2
621,"129-146","Time 2","bray",0.782771535580524,2
622,"129-19","Time 2","bray",0.743295019157088,2
623,"129-193","Time 2","bray",0.877685950413223,2
624,"129-218","Time 2","bray",0.758029978586724,2
625,"129-232","Time 2","bray",0.77470775770457,2
626,"129-235","Time 2","bray",0.814866760168303,2
627,"129-242","Time 2","bray",0.801324503311258,2
628,"129-244","Time 2","bray",0.815730337078652,2
629,"129-250","Time 2","bray",0.813106796116505,2
630,"129-27","Time 2","bray",0.791786055396371,2
631,"129-275","Time 2","bray",0.829411764705882,2
632,"129-286","Time 2","bray",0.836524300441826,2
633,"129-340","Time 2","bray",0.826589595375723,2
634,"129-341","Time 2","bray",0.792265193370166,2
635,"129-36","Time 2","bray",0.81010101010101,2
636,"129-369","Time 2","bray",0.80225988700565,2
637,"129-37","Time 2","bray",0.88125,2
638,"129-83","Time 2","bray",0.815618221258134,2
639,"134-144","Time 2","bray",0.78076062639821,2
640,"134-146","Time 2","bray",0.729055258467023,2
641,"134-19","Time 2","bray",0.751243781094527,2
642,"134-193","Time 2","bray",0.846575342465753,2
643,"134-218","Time 2","bray",0.77521613832853,2
644,"134-232","Time 2","bray",0.797432239657632,2
645,"134-235","Time 2","bray",0.883642495784148,2
646,"134-242","Time 2","bray",0.870866141732283,2
647,"134-244","Time 2","bray",0.833846153846154,2
648,"134-250","Time 2","bray",0.825342465753425,2
649,"134-27","Time 2","bray",0.801734820322181,2
650,"134-275","Time 2","bray",0.795454545454545,2
651,"134-286","Time 2","bray",0.855098389982111,2
652,"134-340","Time 2","bray",0.846153846153846,2
653,"134-341","Time 2","bray",0.786466165413534,2
654,"134-36","Time 2","bray",0.879518072289157,2
655,"134-369","Time 2","bray",0.717948717948718,2
656,"134-37","Time 2","bray",0.885,2
657,"134-83","Time 2","bray",0.824046920821114,2
658,"144-146","Time 2","bray",0.76976976976977,2
659,"144-19","Time 2","bray",0.753623188405797,2
660,"144-193","Time 2","bray",0.892901618929016,2
661,"144-218","Time 2","bray",0.757950530035336,2
662,"144-232","Time 2","bray",0.764705882352941,2
663,"144-235","Time 2","bray",0.805418719211823,2
664,"144-242","Time 2","bray",0.802107728337237,2
665,"144-244","Time 2","bray",0.810661764705882,2
666,"144-250","Time 2","bray",0.802348336594912,2
667,"144-27","Time 2","bray",0.778313253012048,2
668,"144-275","Time 2","bray",0.842824601366743,2
669,"144-286","Time 2","bray",0.804627249357326,2
670,"144-340","Time 2","bray",0.766118836915297,2
671,"144-341","Time 2","bray",0.7207615593835,2
672,"144-36","Time 2","bray",0.769459298871064,2
673,"144-369","Time 2","bray",0.818984547461369,2
674,"144-37","Time 2","bray",0.897374701670644,2
675,"144-83","Time 2","bray",0.8,2
676,"146-19","Time 2","bray",0.735973597359736,2
677,"146-193","Time 2","bray",0.851063829787234,2
678,"146-218","Time 2","bray",0.774718397997497,2
679,"146-232","Time 2","bray",0.791563275434243,2
680,"146-235","Time 2","bray",0.841982958946553,2
681,"146-242","Time 2","bray",0.847272727272727,2
682,"146-244","Time 2","bray",0.843708609271523,2
683,"146-250","Time 2","bray",0.779390420899855,2
684,"146-27","Time 2","bray",0.81140350877193,2
685,"146-275","Time 2","bray",0.787155963302752,2
686,"146-286","Time 2","bray",0.798855273916598,2
687,"146-340","Time 2","bray",0.831865492393915,2
688,"146-341","Time 2","bray",0.78961038961039,2
689,"146-36","Time 2","bray",0.847407407407407,2
690,"146-369","Time 2","bray",0.804537521815009,2
691,"146-37","Time 2","bray",0.857425742574257,2
692,"146-83","Time 2","bray",0.809402795425667,2
693,"19-193","Time 2","bray",0.879382889200561,2
694,"19-218","Time 2","bray",0.769673704414587,2
695,"19-232","Time 2","bray",0.805529075309819,2
696,"19-235","Time 2","bray",0.8122555410691,2
697,"19-242","Time 2","bray",0.793572311495674,2
698,"19-244","Time 2","bray",0.821643286573146,2
699,"19-250","Time 2","bray",0.778969957081545,2
700,"19-27","Time 2","bray",0.778354978354978,2
701,"19-275","Time 2","bray",0.804568527918782,2
702,"19-286","Time 2","bray",0.772169167803547,2
703,"19-340","Time 2","bray",0.798927613941019,2
704,"19-341","Time 2","bray",0.778874629812438,2
705,"19-36","Time 2","bray",0.811676082862524,2
706,"19-369","Time 2","bray",0.82843137254902,2
707,"19-37","Time 2","bray",0.863636363636364,2
708,"19-83","Time 2","bray",0.798058252427184,2
709,"193-218","Time 2","bray",0.887230514096186,2
710,"193-232","Time 2","bray",0.888524590163934,2
711,"193-235","Time 2","bray",0.917808219178082,2
712,"193-242","Time 2","bray",0.911789652247668,2
713,"193-244","Time 2","bray",0.874776386404293,2
714,"193-250","Time 2","bray",0.870182555780933,2
715,"193-27","Time 2","bray",0.893854748603352,2
716,"193-275","Time 2","bray",0.862464183381089,2
717,"193-286","Time 2","bray",0.916260954235638,2
718,"193-340","Time 2","bray",0.92022792022792,2
719,"193-341","Time 2","bray",0.860627177700348,2
720,"193-36","Time 2","bray",0.923743500866551,2
721,"193-369","Time 2","bray",0.830238726790451,2
722,"193-37","Time 2","bray",0.870550161812298,2
723,"193-83","Time 2","bray",0.871404399323181,2
724,"218-232","Time 2","bray",0.789137380191693,2
725,"218-235","Time 2","bray",0.804775280898876,2
726,"218-242","Time 2","bray",0.818302387267904,2
727,"218-244","Time 2","bray",0.84009009009009,2
728,"218-250","Time 2","bray",0.817518248175182,2
729,"218-27","Time 2","bray",0.772248803827751,2
730,"218-275","Time 2","bray",0.84070796460177,2
731,"218-286","Time 2","bray",0.823008849557522,2
732,"218-340","Time 2","bray",0.795947901591896,2
733,"218-341","Time 2","bray",0.760797342192691,2
734,"218-36","Time 2","bray",0.819285232636548,2
735,"218-369","Time 2","bray",0.796033994334278,2
736,"218-37","Time 2","bray",0.905956112852665,2
737,"218-83","Time 2","bray",0.797826086956522,2
738,"232-235","Time 2","bray",0.828092243186583,2
739,"232-242","Time 2","bray",0.836303630363036,2
740,"232-244","Time 2","bray",0.830167597765363,2
741,"232-250","Time 2","bray",0.826296743063932,2
742,"232-27","Time 2","bray",0.788973384030418,2
743,"232-275","Time 2","bray",0.836496350364964,2
744,"232-286","Time 2","bray",0.822450476889215,2
745,"232-340","Time 2","bray",0.802735781137509,2
746,"232-341","Time 2","bray",0.756043956043956,2
747,"232-36","Time 2","bray",0.81744966442953,2
748,"232-369","Time 2","bray",0.798036465638149,2
749,"232-37","Time 2","bray",0.906976744186046,2
750,"232-83","Time 2","bray",0.820927723840345,2
751,"235-242","Time 2","bray",0.76,2
752,"235-244","Time 2","bray",0.804347826086957,2
753,"235-250","Time 2","bray",0.84779299847793,2
754,"235-27","Time 2","bray",0.815224463240078,2
755,"235-275","Time 2","bray",0.899145299145299,2
756,"235-286","Time 2","bray",0.83008658008658,2
757,"235-340","Time 2","bray",0.834578441835646,2
758,"235-341","Time 2","bray",0.845161290322581,2
759,"235-36","Time 2","bray",0.812658227848101,2
760,"235-369","Time 2","bray",0.886477462437396,2
761,"235-37","Time 2","bray",0.91858407079646,2
762,"235-83","Time 2","bray",0.814447592067989,2
763,"242-244","Time 2","bray",0.825136612021858,2
764,"242-250","Time 2","bray",0.856938483547926,2
765,"242-27","Time 2","bray",0.809993830968538,2
766,"242-275","Time 2","bray",0.910685805422648,2
767,"242-286","Time 2","bray",0.818840579710145,2
768,"242-340","Time 2","bray",0.835546475995914,2
769,"242-341","Time 2","bray",0.839080459770115,2
770,"242-36","Time 2","bray",0.813501699854298,2
771,"242-369","Time 2","bray",0.884555382215289,2
772,"242-37","Time 2","bray",0.917627677100494,2
773,"242-83","Time 2","bray",0.81283422459893,2
774,"244-250","Time 2","bray",0.825192802056555,2
775,"244-27","Time 2","bray",0.816183816183816,2
776,"244-275","Time 2","bray",0.873817034700315,2
777,"244-286","Time 2","bray",0.856707317073171,2
778,"244-340","Time 2","bray",0.85949177877429,2
779,"244-341","Time 2","bray",0.820721769499418,2
780,"244-36","Time 2","bray",0.848505906879778,2
781,"244-369","Time 2","bray",0.848942598187311,2
782,"244-37","Time 2","bray",0.885521885521885,2
783,"244-83","Time 2","bray",0.812785388127854,2
784,"250-27","Time 2","bray",0.818181818181818,2
785,"250-275","Time 2","bray",0.813380281690141,2
786,"250-286","Time 2","bray",0.831460674157303,2
787,"250-340","Time 2","bray",0.855345911949686,2
788,"250-341","Time 2","bray",0.790668348045397,2
789,"250-36","Time 2","bray",0.854333576110706,2
790,"250-369","Time 2","bray",0.835570469798658,2
791,"250-37","Time 2","bray",0.882575757575758,2
792,"250-83","Time 2","bray",0.819753086419753,2
793,"27-275","Time 2","bray",0.845764854614412,2
794,"27-286","Time 2","bray",0.808032675289312,2
795,"27-340","Time 2","bray",0.814046822742475,2
796,"27-341","Time 2","bray",0.781496062992126,2
797,"27-36","Time 2","bray",0.81077694235589,2
798,"27-369","Time 2","bray",0.819291819291819,2
799,"27-37","Time 2","bray",0.898801597869507,2
800,"27-83","Time 2","bray",0.82187802516941,2
801,"275-286","Time 2","bray",0.840290381125227,2
802,"275-340","Time 2","bray",0.879432624113475,2
803,"275-341","Time 2","bray",0.821263482280431,2
804,"275-36","Time 2","bray",0.886086248982913,2
805,"275-369","Time 2","bray",0.831858407079646,2
806,"275-37","Time 2","bray",0.885416666666667,2
807,"275-83","Time 2","bray",0.834834834834835,2
808,"286-340","Time 2","bray",0.815060908084164,2
809,"286-341","Time 2","bray",0.810097965335343,2
810,"286-36","Time 2","bray",0.815416885159937,2
811,"286-369","Time 2","bray",0.851327433628319,2
812,"286-37","Time 2","bray",0.902071563088512,2
813,"286-83","Time 2","bray",0.825892857142857,2
814,"340-341","Time 2","bray",0.79009608277901,2
815,"340-36","Time 2","bray",0.796171753750647,2
816,"340-369","Time 2","bray",0.856401384083045,2
817,"340-37","Time 2","bray",0.908088235294118,2
818,"340-83","Time 2","bray",0.845255474452555,2
819,"341-36","Time 2","bray",0.826685006877579,2
820,"341-369","Time 2","bray",0.790251107828656,2
821,"341-37","Time 2","bray",0.891625615763547,2
822,"341-83","Time 2","bray",0.809203142536476,2
823,"36-369","Time 2","bray",0.875894988066826,2
824,"36-37","Time 2","bray",0.900756938603869,2
825,"36-83","Time 2","bray",0.849082256968049,2
826,"369-37","Time 2","bray",0.878640776699029,2
827,"369-83","Time 2","bray",0.847262247838617,2
828,"37-83","Time 2","bray",0.888178913738019,2
829,"108-110","Time 3","bray",0.795104261106074,3
830,"108-142","Time 3","bray",0.810479375696767,3
831,"108-143","Time 3","bray",0.863192182410424,3
832,"108-157","Time 3","bray",0.797101449275362,3
833,"108-170","Time 3","bray",0.78996138996139,3
834,"108-177","Time 3","bray",0.790087463556851,3
835,"108-185","Time 3","bray",0.824864864864865,3
836,"108-217","Time 3","bray",0.811894882434302,3
837,"108-266","Time 3","bray",0.792746113989637,3
838,"108-272","Time 3","bray",0.864516129032258,3
839,"108-285","Time 3","bray",0.803992740471869,3
840,"108-29","Time 3","bray",0.802555168408827,3
841,"108-303","Time 3","bray",0.835443037974684,3
842,"108-316","Time 3","bray",0.795045045045045,3
843,"108-353","Time 3","bray",0.7847533632287,3
844,"108-374","Time 3","bray",0.792452830188679,3
845,"108-376","Time 3","bray",0.802026500389712,3
846,"108-38","Time 3","bray",0.863760217983651,3
847,"108-45","Time 3","bray",0.913644214162349,3
848,"108-52","Time 3","bray",0.833693304535637,3
849,"108-62","Time 3","bray",0.814863102998696,3
850,"108-76","Time 3","bray",0.801560758082497,3
851,"108-99","Time 3","bray",0.781659388646288,3
852,"110-142","Time 3","bray",0.797421731123389,3
853,"110-143","Time 3","bray",0.880448318804483,3
854,"110-157","Time 3","bray",0.791183294663573,3
855,"110-170","Time 3","bray",0.797843665768194,3
856,"110-177","Time 3","bray",0.80952380952381,3
857,"110-185","Time 3","bray",0.829443447037702,3
858,"110-217","Time 3","bray",0.822368421052632,3
859,"110-266","Time 3","bray",0.797227036395147,3
860,"110-272","Time 3","bray",0.88627935723115,3
861,"110-285","Time 3","bray",0.796959826275787,3
862,"110-29","Time 3","bray",0.8,3
863,"110-303","Time 3","bray",0.831912302070646,3
864,"110-316","Time 3","bray",0.814298978644382,3
865,"110-353","Time 3","bray",0.805735430157262,3
866,"110-374","Time 3","bray",0.790232185748599,3
867,"110-376","Time 3","bray",0.777173913043478,3
868,"110-38","Time 3","bray",0.882990249187432,3
869,"110-45","Time 3","bray",0.890625,3
870,"110-52","Time 3","bray",0.829596412556054,3
871,"110-62","Time 3","bray",0.838912133891213,3
872,"110-76","Time 3","bray",0.813996316758748,3
873,"110-99","Time 3","bray",0.831674208144796,3
874,"142-143","Time 3","bray",0.862646566164154,3
875,"142-157","Time 3","bray",0.793928242870285,3
876,"142-170","Time 3","bray",0.823161189358372,3
877,"142-177","Time 3","bray",0.8300395256917,3
878,"142-185","Time 3","bray",0.852422907488987,3
879,"142-217","Time 3","bray",0.81586402266289,3
880,"142-266","Time 3","bray",0.782700421940928,3
881,"142-272","Time 3","bray",0.87396351575456,3
882,"142-285","Time 3","bray",0.82640586797066,3
883,"142-29","Time 3","bray",0.796208530805687,3
884,"142-303","Time 3","bray",0.821138211382114,3
885,"142-316","Time 3","bray",0.800229621125144,3
886,"142-353","Time 3","bray",0.782857142857143,3
887,"142-374","Time 3","bray",0.808245445829338,3
888,"142-376","Time 3","bray",0.791469194312796,3
889,"142-38","Time 3","bray",0.880055788005579,3
890,"142-45","Time 3","bray",0.896797153024911,3
891,"142-52","Time 3","bray",0.793179317931793,3
892,"142-62","Time 3","bray",0.845333333333333,3
893,"142-76","Time 3","bray",0.775,3
894,"142-99","Time 3","bray",0.799777530589544,3
895,"143-157","Time 3","bray",0.833333333333333,3
896,"143-170","Time 3","bray",0.885427135678392,3
897,"143-177","Time 3","bray",0.857338820301783,3
898,"143-185","Time 3","bray",0.84,3
899,"143-217","Time 3","bray",0.82033096926714,3
900,"143-266","Time 3","bray",0.849624060150376,3
901,"143-272","Time 3","bray",0.81875,3
902,"143-285","Time 3","bray",0.896526237989653,3
903,"143-29","Time 3","bray",0.839572192513369,3
904,"143-303","Time 3","bray",0.819277108433735,3
905,"143-316","Time 3","bray",0.819727891156463,3
906,"143-353","Time 3","bray",0.861486486486487,3
907,"143-374","Time 3","bray",0.860526315789474,3
908,"143-376","Time 3","bray",0.857578840284842,3
909,"143-38","Time 3","bray",0.884792626728111,3
910,"143-45","Time 3","bray",0.885304659498208,3
911,"143-52","Time 3","bray",0.869009584664537,3
912,"143-62","Time 3","bray",0.815845824411135,3
913,"143-76","Time 3","bray",0.845896147403685,3
914,"143-99","Time 3","bray",0.844155844155844,3
915,"157-170","Time 3","bray",0.772390572390572,3
916,"157-177","Time 3","bray",0.758818703855619,3
917,"157-185","Time 3","bray",0.811659192825112,3
918,"157-217","Time 3","bray",0.778751369112815,3
919,"157-266","Time 3","bray",0.773160173160173,3
920,"157-272","Time 3","bray",0.844444444444444,3
921,"157-285","Time 3","bray",0.737384698860553,3
922,"157-29","Time 3","bray",0.769743101807802,3
923,"157-303","Time 3","bray",0.841849148418491,3
924,"157-316","Time 3","bray",0.76808905380334,3
925,"157-353","Time 3","bray",0.765249537892791,3
926,"157-374","Time 3","bray",0.7632,3
927,"157-376","Time 3","bray",0.731160896130346,3
928,"157-38","Time 3","bray",0.841991341991342,3
929,"157-45","Time 3","bray",0.895968790637191,3
930,"157-52","Time 3","bray",0.792114695340502,3
931,"157-62","Time 3","bray",0.80564263322884,3
932,"157-76","Time 3","bray",0.782888684452622,3
933,"157-99","Time 3","bray",0.768535262206148,3
934,"170-177","Time 3","bray",0.790070921985816,3
935,"170-185","Time 3","bray",0.830015313935682,3
936,"170-217","Time 3","bray",0.83695652173913,3
937,"170-266","Time 3","bray",0.797919762258544,3
938,"170-272","Time 3","bray",0.89010989010989,3
939,"170-285","Time 3","bray",0.738446411012783,3
940,"170-29","Time 3","bray",0.797101449275362,3
941,"170-303","Time 3","bray",0.842053307008884,3
942,"170-316","Time 3","bray",0.812450748620961,3
943,"170-353","Time 3","bray",0.809897879025923,3
944,"170-374","Time 3","bray",0.794587092297016,3
945,"170-376","Time 3","bray",0.768028846153846,3
946,"170-38","Time 3","bray",0.881614349775785,3
947,"170-45","Time 3","bray",0.916666666666667,3
948,"170-52","Time 3","bray",0.820964039785769,3
949,"170-62","Time 3","bray",0.822299651567944,3
950,"170-76","Time 3","bray",0.807511737089202,3
951,"170-99","Time 3","bray",0.791827293754819,3
952,"177-185","Time 3","bray",0.809615384615385,3
953,"177-217","Time 3","bray",0.825775656324582,3
954,"177-266","Time 3","bray",0.787037037037037,3
955,"177-272","Time 3","bray",0.844897959183673,3
956,"177-285","Time 3","bray",0.78393665158371,3
957,"177-29","Time 3","bray",0.788934426229508,3
958,"177-303","Time 3","bray",0.828647925033467,3
959,"177-316","Time 3","bray",0.770687936191426,3
960,"177-353","Time 3","bray",0.801390268123138,3
961,"177-374","Time 3","bray",0.773617021276596,3
962,"177-376","Time 3","bray",0.729613733905579,3
963,"177-38","Time 3","bray",0.832744405182568,3
964,"177-45","Time 3","bray",0.899135446685879,3
965,"177-52","Time 3","bray",0.81940441882805,3
966,"177-62","Time 3","bray",0.8140589569161,3
967,"177-76","Time 3","bray",0.786561264822134,3
968,"177-99","Time 3","bray",0.778855480116392,3
969,"185-217","Time 3","bray",0.822888283378747,3
970,"185-266","Time 3","bray",0.819672131147541,3
971,"185-272","Time 3","bray",0.870047543581617,3
972,"185-285","Time 3","bray",0.830528846153846,3
973,"185-29","Time 3","bray",0.807339449541284,3
974,"185-303","Time 3","bray",0.847589424572317,3
975,"185-316","Time 3","bray",0.793103448275862,3
976,"185-353","Time 3","bray",0.844961240310077,3
977,"185-374","Time 3","bray",0.822595704948646,3
978,"185-376","Time 3","bray",0.797527047913447,3
979,"185-38","Time 3","bray",0.876510067114094,3
980,"185-45","Time 3","bray",0.864406779661017,3
981,"185-52","Time 3","bray",0.824973319103522,3
982,"185-62","Time 3","bray",0.840616966580977,3
983,"185-76","Time 3","bray",0.777533039647577,3
984,"185-99","Time 3","bray",0.812297734627832,3
985,"217-266","Time 3","bray",0.813953488372093,3
986,"217-272","Time 3","bray",0.818181818181818,3
987,"217-285","Time 3","bray",0.856361149110807,3
988,"217-29","Time 3","bray",0.773134328358209,3
989,"217-303","Time 3","bray",0.81859410430839,3
990,"217-316","Time 3","bray",0.804878048780488,3
991,"217-353","Time 3","bray",0.800285306704708,3
992,"217-374","Time 3","bray",0.806674338319908,3
993,"217-376","Time 3","bray",0.802197802197802,3
994,"217-38","Time 3","bray",0.841620626151013,3
995,"217-45","Time 3","bray",0.829896907216495,3
996,"217-52","Time 3","bray",0.80952380952381,3
997,"217-62","Time 3","bray",0.815972222222222,3
998,"217-76","Time 3","bray",0.798866855524079,3
999,"217-99","Time 3","bray",0.806896551724138,3
1000,"266-272","Time 3","bray",0.853949329359165,3
1001,"266-285","Time 3","bray",0.789906103286385,3
1002,"266-29","Time 3","bray",0.800438596491228,3
1003,"266-303","Time 3","bray",0.789165446559297,3
1004,"266-316","Time 3","bray",0.789137380191693,3
1005,"266-353","Time 3","bray",0.741251325556734,3
1006,"266-374","Time 3","bray",0.778577857785779,3
1007,"266-376","Time 3","bray",0.75712143928036,3
1008,"266-38","Time 3","bray",0.864968152866242,3
1009,"266-45","Time 3","bray",0.895238095238095,3
1010,"266-52","Time 3","bray",0.79324462640737,3
1011,"266-62","Time 3","bray",0.821515892420538,3
1012,"266-76","Time 3","bray",0.751054852320675,3
1013,"266-99","Time 3","bray",0.799379524301965,3
1014,"272-285","Time 3","bray",0.90139808682855,3
1015,"272-29","Time 3","bray",0.855379188712522,3
1016,"272-303","Time 3","bray",0.834319526627219,3
1017,"272-316","Time 3","bray",0.848484848484849,3
1018,"272-353","Time 3","bray",0.862876254180602,3
1019,"272-374","Time 3","bray",0.856396866840731,3
1020,"272-376","Time 3","bray",0.874620829120324,3
1021,"272-38","Time 3","bray",0.859090909090909,3
1022,"272-45","Time 3","bray",0.880701754385965,3
1023,"272-52","Time 3","bray",0.876582278481013,3
1024,"272-62","Time 3","bray",0.864693446088795,3
1025,"272-76","Time 3","bray",0.864013266998342,3
1026,"272-99","Time 3","bray",0.84887459807074,3
1027,"285-29","Time 3","bray",0.81,3
1028,"285-303","Time 3","bray",0.87600291757841,3
1029,"285-316","Time 3","bray",0.813153042409342,3
1030,"285-353","Time 3","bray",0.803801348865727,3
1031,"285-374","Time 3","bray",0.790994997220678,3
1032,"285-376","Time 3","bray",0.745796241345203,3
1033,"285-38","Time 3","bray",0.879158180583843,3
1034,"285-45","Time 3","bray",0.931714719271624,3
1035,"285-52","Time 3","bray",0.829429429429429,3
1036,"285-62","Time 3","bray",0.843293492695883,3
1037,"285-76","Time 3","bray",0.810513447432763,3
1038,"285-99","Time 3","bray",0.788519637462236,3
1039,"29-303","Time 3","bray",0.837651122625216,3
1040,"29-316","Time 3","bray",0.784431137724551,3
1041,"29-353","Time 3","bray",0.792610250297974,3
1042,"29-374","Time 3","bray",0.805362462760675,3
1043,"29-376","Time 3","bray",0.791869918699187,3
1044,"29-38","Time 3","bray",0.859030837004405,3
1045,"29-45","Time 3","bray",0.889733840304182,3
1046,"29-52","Time 3","bray",0.823596792668958,3
1047,"29-62","Time 3","bray",0.831932773109244,3
1048,"29-76","Time 3","bray",0.781990521327014,3
1049,"29-99","Time 3","bray",0.793742757821553,3
1050,"303-316","Time 3","bray",0.841584158415842,3
1051,"303-353","Time 3","bray",0.786885245901639,3
1052,"303-374","Time 3","bray",0.84318766066838,3
1053,"303-376","Time 3","bray",0.834165834165834,3
1054,"303-38","Time 3","bray",0.845132743362832,3
1055,"303-45","Time 3","bray",0.824915824915825,3
1056,"303-52","Time 3","bray",0.838509316770186,3
1057,"303-62","Time 3","bray",0.830927835051546,3
1058,"303-76","Time 3","bray",0.772357723577236,3
1059,"303-99","Time 3","bray",0.851735015772871,3
1060,"316-353","Time 3","bray",0.810623556581986,3
1061,"316-374","Time 3","bray",0.777562862669246,3
1062,"316-376","Time 3","bray",0.751789976133652,3
1063,"316-38","Time 3","bray",0.85593220338983,3
1064,"316-45","Time 3","bray",0.873417721518987,3
1065,"316-52","Time 3","bray",0.813333333333333,3
1066,"316-62","Time 3","bray",0.813765182186235,3
1067,"316-76","Time 3","bray",0.763490241102181,3
1068,"316-99","Time 3","bray",0.78876404494382,3
1069,"353-374","Time 3","bray",0.79383429672447,3
1070,"353-376","Time 3","bray",0.768437747819191,3
1071,"353-38","Time 3","bray",0.845505617977528,3
1072,"353-45","Time 3","bray",0.877917414721723,3
1073,"353-52","Time 3","bray",0.794247787610619,3
1074,"353-62","Time 3","bray",0.81744966442953,3
1075,"353-76","Time 3","bray",0.773714285714286,3
1076,"353-99","Time 3","bray",0.812080536912752,3
1077,"374-376","Time 3","bray",0.748075577326802,3
1078,"374-38","Time 3","bray",0.85,3
1079,"374-45","Time 3","bray",0.892413793103448,3
1080,"374-52","Time 3","bray",0.817164179104478,3
1081,"374-62","Time 3","bray",0.840087623220153,3
1082,"374-76","Time 3","bray",0.779482262703739,3
1083,"374-99","Time 3","bray",0.792843691148776,3
1084,"376-38","Time 3","bray",0.85312783318223,3
1085,"376-45","Time 3","bray",0.89662447257384,3
1086,"376-52","Time 3","bray",0.814671814671815,3
1087,"376-62","Time 3","bray",0.816901408450704,3
1088,"376-76","Time 3","bray",0.759873617693523,3
1089,"376-99","Time 3","bray",0.777431906614786,3
1090,"38-45","Time 3","bray",0.904761904761905,3
1091,"38-52","Time 3","bray",0.879356568364611,3
1092,"38-62","Time 3","bray",0.870528109028961,3
1093,"38-76","Time 3","bray",0.866108786610879,3
1094,"38-99","Time 3","bray",0.845108695652174,3
1095,"45-52","Time 3","bray",0.884940778341794,3
1096,"45-62","Time 3","bray",0.87037037037037,3
1097,"45-76","Time 3","bray",0.907473309608541,3
1098,"45-99","Time 3","bray",0.882960413080895,3
1099,"52-62","Time 3","bray",0.810012836970475,3
1100,"52-76","Time 3","bray",0.77997799779978,3
1101,"52-99","Time 3","bray",0.821120689655172,3
1102,"62-76","Time 3","bray",0.824,3
1103,"62-99","Time 3","bray",0.797139141742523,3
1104,"76-99","Time 3","bray",0.78642936596218,3
1105,"138-16","Time 4","bray",0.80064308681672,4
1106,"138-175","Time 4","bray",0.705882352941177,4
1107,"138-192","Time 4","bray",0.810055865921788,4
1108,"138-194","Time 4","bray",0.859259259259259,4
1109,"138-201","Time 4","bray",0.815068493150685,4
1110,"138-202","Time 4","bray",0.808695652173913,4
1111,"138-213","Time 4","bray",0.829181494661922,4
1112,"138-221","Time 4","bray",0.896551724137931,4
1113,"138-234","Time 4","bray",0.846153846153846,4
1114,"138-247","Time 4","bray",0.81859410430839,4
1115,"138-249","Time 4","bray",0.774907749077491,4
1116,"138-258","Time 4","bray",0.815181518151815,4
1117,"138-276","Time 4","bray",0.75975975975976,4
1118,"138-311","Time 4","bray",0.879336349924585,4
1119,"138-333","Time 4","bray",0.841148325358852,4
1120,"138-338","Time 4","bray",0.768292682926829,4
1121,"138-345","Time 4","bray",0.8,4
1122,"138-43","Time 4","bray",0.810126582278481,4
1123,"138-49","Time 4","bray",0.822485207100592,4
1124,"138-65","Time 4","bray",0.825159914712154,4
1125,"138-85","Time 4","bray",0.81981981981982,4
1126,"138-9","Time 4","bray",0.827368421052632,4
1127,"138-92","Time 4","bray",0.805869074492099,4
1128,"16-175","Time 4","bray",0.827692307692308,4
1129,"16-192","Time 4","bray",0.883495145631068,4
1130,"16-194","Time 4","bray",0.864253393665158,4
1131,"16-201","Time 4","bray",0.876543209876543,4
1132,"16-202","Time 4","bray",0.902676399026764,4
1133,"16-213","Time 4","bray",0.870689655172414,4
1134,"16-221","Time 4","bray",0.906354515050167,4
1135,"16-234","Time 4","bray",0.837837837837838,4
1136,"16-247","Time 4","bray",0.879951980792317,4
1137,"16-249","Time 4","bray",0.862068965517241,4
1138,"16-258","Time 4","bray",0.826771653543307,4
1139,"16-276","Time 4","bray",0.866197183098592,4
1140,"16-311","Time 4","bray",0.931596091205212,4
1141,"16-333","Time 4","bray",0.895582329317269,4
1142,"16-338","Time 4","bray",0.849462365591398,4
1143,"16-345","Time 4","bray",0.86046511627907,4
1144,"16-43","Time 4","bray",0.835205992509363,4
1145,"16-49","Time 4","bray",0.877729257641921,4
1146,"16-65","Time 4","bray",0.861904761904762,4
1147,"16-85","Time 4","bray",0.901098901098901,4
1148,"16-9","Time 4","bray",0.887323943661972,4
1149,"16-92","Time 4","bray",0.83248730964467,4
1150,"175-192","Time 4","bray",0.827956989247312,4
1151,"175-194","Time 4","bray",0.887323943661972,4
1152,"175-201","Time 4","bray",0.849673202614379,4
1153,"175-202","Time 4","bray",0.805907172995781,4
1154,"175-213","Time 4","bray",0.864406779661017,4
1155,"175-221","Time 4","bray",0.867403314917127,4
1156,"175-234","Time 4","bray",0.838709677419355,4
1157,"175-247","Time 4","bray",0.814732142857143,4
1158,"175-249","Time 4","bray",0.76978417266187,4
1159,"175-258","Time 4","bray",0.804416403785489,4
1160,"175-276","Time 4","bray",0.792507204610951,4
1161,"175-311","Time 4","bray",0.899556868537666,4
1162,"175-333","Time 4","bray",0.843248347497639,4
1163,"175-338","Time 4","bray",0.812865497076023,4
1164,"175-345","Time 4","bray",0.82967032967033,4
1165,"175-43","Time 4","bray",0.806060606060606,4
1166,"175-49","Time 4","bray",0.838771593090211,4
1167,"175-65","Time 4","bray",0.830227743271222,4
1168,"175-85","Time 4","bray",0.820480404551201,4
1169,"175-9","Time 4","bray",0.83640081799591,4
1170,"175-92","Time 4","bray",0.798687089715536,4
1171,"192-194","Time 4","bray",0.828358208955224,4
1172,"192-201","Time 4","bray",0.875862068965517,4
1173,"192-202","Time 4","bray",0.812227074235808,4
1174,"192-213","Time 4","bray",0.885304659498208,4
1175,"192-221","Time 4","bray",0.91907514450867,4
1176,"192-234","Time 4","bray",0.905172413793103,4
1177,"192-247","Time 4","bray",0.85,4
1178,"192-249","Time 4","bray",0.822222222222222,4
1179,"192-258","Time 4","bray",0.807308970099668,4
1180,"192-276","Time 4","bray",0.746223564954683,4
1181,"192-311","Time 4","bray",0.881996974281392,4
1182,"192-333","Time 4","bray",0.879194630872483,4
1183,"192-338","Time 4","bray",0.785276073619632,4
1184,"192-345","Time 4","bray",0.775862068965517,4
1185,"192-43","Time 4","bray",0.86624203821656,4
1186,"192-49","Time 4","bray",0.813861386138614,4
1187,"192-65","Time 4","bray",0.845824411134904,4
1188,"192-85","Time 4","bray",0.83741935483871,4
1189,"192-9","Time 4","bray",0.835095137420719,4
1190,"192-92","Time 4","bray",0.800453514739229,4
1191,"194-201","Time 4","bray",0.881188118811881,4
1192,"194-202","Time 4","bray",0.87027027027027,4
1193,"194-213","Time 4","bray",0.87434554973822,4
1194,"194-221","Time 4","bray",0.89922480620155,4
1195,"194-234","Time 4","bray",0.888888888888889,4
1196,"194-247","Time 4","bray",0.893939393939394,4
1197,"194-249","Time 4","bray",0.853982300884956,4
1198,"194-258","Time 4","bray",0.859154929577465,4
1199,"194-276","Time 4","bray",0.860082304526749,4
1200,"194-311","Time 4","bray",0.923211169284468,4
1201,"194-333","Time 4","bray",0.920418848167539,4
1202,"194-338","Time 4","bray",0.873949579831933,4
1203,"194-345","Time 4","bray",0.869230769230769,4
1204,"194-43","Time 4","bray",0.876106194690266,4
1205,"194-49","Time 4","bray",0.894484412470024,4
1206,"194-65","Time 4","bray",0.889182058047493,4
1207,"194-85","Time 4","bray",0.90684133915575,4
1208,"194-9","Time 4","bray",0.88051948051948,4
1209,"194-92","Time 4","bray",0.858356940509915,4
1210,"201-202","Time 4","bray",0.826530612244898,4
1211,"201-213","Time 4","bray",0.934272300469484,4
1212,"201-221","Time 4","bray",0.942857142857143,4
1213,"201-234","Time 4","bray",0.855421686746988,4
1214,"201-247","Time 4","bray",0.891891891891892,4
1215,"201-249","Time 4","bray",0.831223628691983,4
1216,"201-258","Time 4","bray",0.880851063829787,4
1217,"201-276","Time 4","bray",0.788679245283019,4
1218,"201-311","Time 4","bray",0.919327731092437,4
1219,"201-333","Time 4","bray",0.90992835209826,4
1220,"201-338","Time 4","bray",0.769230769230769,4
1221,"201-345","Time 4","bray",0.815602836879433,4
1222,"201-43","Time 4","bray",0.870967741935484,4
1223,"201-49","Time 4","bray",0.849658314350797,4
1224,"201-65","Time 4","bray",0.890274314214464,4
1225,"201-85","Time 4","bray",0.901269393511989,4
1226,"201-9","Time 4","bray",0.911547911547912,4
1227,"201-92","Time 4","bray",0.856,4
1228,"202-213","Time 4","bray",0.868766404199475,4
1229,"202-221","Time 4","bray",0.883928571428571,4
1230,"202-234","Time 4","bray",0.898203592814371,4
1231,"202-247","Time 4","bray",0.786150712830957,4
1232,"202-249","Time 4","bray",0.685358255451713,4
1233,"202-258","Time 4","bray",0.861042183622829,4
1234,"202-276","Time 4","bray",0.662817551963048,4
1235,"202-311","Time 4","bray",0.855832241153342,4
1236,"202-333","Time 4","bray",0.839301310043668,4
1237,"202-338","Time 4","bray",0.771028037383178,4
1238,"202-345","Time 4","bray",0.791111111111111,4
1239,"202-43","Time 4","bray",0.855769230769231,4
1240,"202-49","Time 4","bray",0.818780889621087,4
1241,"202-65","Time 4","bray",0.852372583479789,4
1242,"202-85","Time 4","bray",0.808437856328392,4
1243,"202-9","Time 4","bray",0.815652173913043,4
1244,"202-92","Time 4","bray",0.812154696132597,4
1245,"213-221","Time 4","bray",0.910780669144981,4
1246,"213-234","Time 4","bray",0.845161290322581,4
1247,"213-247","Time 4","bray",0.915317559153176,4
1248,"213-249","Time 4","bray",0.879049676025918,4
1249,"213-258","Time 4","bray",0.848214285714286,4
1250,"213-276","Time 4","bray",0.874015748031496,4
1251,"213-311","Time 4","bray",0.924657534246575,4
1252,"213-333","Time 4","bray",0.919254658385093,4
1253,"213-338","Time 4","bray",0.895582329317269,4
1254,"213-345","Time 4","bray",0.904059040590406,4
1255,"213-43","Time 4","bray",0.890295358649789,4
1256,"213-49","Time 4","bray",0.929906542056075,4
1257,"213-65","Time 4","bray",0.882051282051282,4
1258,"213-85","Time 4","bray",0.902578796561605,4
1259,"213-9","Time 4","bray",0.898989898989899,4
1260,"213-92","Time 4","bray",0.906593406593407,4
1261,"221-234","Time 4","bray",0.891891891891892,4
1262,"221-247","Time 4","bray",0.864367816091954,4
1263,"221-249","Time 4","bray",0.845283018867925,4
1264,"221-258","Time 4","bray",0.903780068728522,4
1265,"221-276","Time 4","bray",0.900311526479751,4
1266,"221-311","Time 4","bray",0.938556067588326,4
1267,"221-333","Time 4","bray",0.885769603097774,4
1268,"221-338","Time 4","bray",0.917721518987342,4
1269,"221-345","Time 4","bray",0.923076923076923,4
1270,"221-43","Time 4","bray",0.868421052631579,4
1271,"221-49","Time 4","bray",0.915151515151515,4
1272,"221-65","Time 4","bray",0.864332603938731,4
1273,"221-85","Time 4","bray",0.890196078431372,4
1274,"221-9","Time 4","bray",0.88768898488121,4
1275,"221-92","Time 4","bray",0.883990719257541,4
1276,"234-247","Time 4","bray",0.928571428571429,4
1277,"234-249","Time 4","bray",0.903846153846154,4
1278,"234-258","Time 4","bray",0.853107344632768,4
1279,"234-276","Time 4","bray",0.864734299516908,4
1280,"234-311","Time 4","bray",0.94413407821229,4
1281,"234-333","Time 4","bray",0.94341675734494,4
1282,"234-338","Time 4","bray",0.831683168316832,4
1283,"234-345","Time 4","bray",0.866071428571429,4
1284,"234-43","Time 4","bray",0.88421052631579,4
1285,"234-49","Time 4","bray",0.931758530183727,4
1286,"234-65","Time 4","bray",0.883381924198251,4
1287,"234-85","Time 4","bray",0.910906298003072,4
1288,"234-9","Time 4","bray",0.896848137535817,4
1289,"234-92","Time 4","bray",0.892744479495268,4
1290,"247-249","Time 4","bray",0.725563909774436,4
1291,"247-258","Time 4","bray",0.873939393939394,4
1292,"247-276","Time 4","bray",0.817543859649123,4
1293,"247-311","Time 4","bray",0.866666666666667,4
1294,"247-333","Time 4","bray",0.72814294830887,4
1295,"247-338","Time 4","bray",0.842352941176471,4
1296,"247-345","Time 4","bray",0.844036697247706,4
1297,"247-43","Time 4","bray",0.880668257756563,4
1298,"247-49","Time 4","bray",0.793974732750243,4
1299,"247-65","Time 4","bray",0.822401614530777,4
1300,"247-85","Time 4","bray",0.767513471901463,4
1301,"247-9","Time 4","bray",0.833500501504513,4
1302,"247-92","Time 4","bray",0.819689119170984,4
1303,"249-258","Time 4","bray",0.851546391752577,4
1304,"249-276","Time 4","bray",0.70873786407767,4
1305,"249-311","Time 4","bray",0.862721893491124,4
1306,"249-333","Time 4","bray",0.794621026894866,4
1307,"249-338","Time 4","bray",0.792156862745098,4
1308,"249-345","Time 4","bray",0.796992481203007,4
1309,"249-43","Time 4","bray",0.823293172690763,4
1310,"249-49","Time 4","bray",0.782293178519594,4
1311,"249-65","Time 4","bray",0.831029185867896,4
1312,"249-85","Time 4","bray",0.787278415015641,4
1313,"249-9","Time 4","bray",0.808219178082192,4
1314,"249-92","Time 4","bray",0.7664,4
1315,"258-276","Time 4","bray",0.811594202898551,4
1316,"258-311","Time 4","bray",0.900990099009901,4
1317,"258-333","Time 4","bray",0.876518218623482,4
1318,"258-338","Time 4","bray",0.85239852398524,4
1319,"258-345","Time 4","bray",0.856655290102389,4
1320,"258-43","Time 4","bray",0.814671814671815,4
1321,"258-49","Time 4","bray",0.857777777777778,4
1322,"258-65","Time 4","bray",0.859223300970874,4
1323,"258-85","Time 4","bray",0.886111111111111,4
1324,"258-9","Time 4","bray",0.856459330143541,4
1325,"258-92","Time 4","bray",0.865284974093264,4
1326,"276-311","Time 4","bray",0.833333333333333,4
1327,"276-333","Time 4","bray",0.882121807465619,4
1328,"276-338","Time 4","bray",0.72093023255814,4
1329,"276-345","Time 4","bray",0.73374613003096,4
1330,"276-43","Time 4","bray",0.847750865051903,4
1331,"276-49","Time 4","bray",0.8,4
1332,"276-65","Time 4","bray",0.868778280542986,4
1333,"276-85","Time 4","bray",0.826666666666667,4
1334,"276-9","Time 4","bray",0.794642857142857,4
1335,"276-92","Time 4","bray",0.798076923076923,4
1336,"311-333","Time 4","bray",0.881305637982196,4
1337,"311-338","Time 4","bray",0.863708399366086,4
1338,"311-345","Time 4","bray",0.877488514548239,4
1339,"311-43","Time 4","bray",0.922455573505654,4
1340,"311-49","Time 4","bray",0.879012345679012,4
1341,"311-65","Time 4","bray",0.904145077720207,4
1342,"311-85","Time 4","bray",0.868518518518518,4
1343,"311-9","Time 4","bray",0.850899742930591,4
1344,"311-92","Time 4","bray",0.863270777479893,4
1345,"333-338","Time 4","bray",0.881539980256663,4
1346,"333-345","Time 4","bray",0.864734299516908,4
1347,"333-43","Time 4","bray",0.886113886113886,4
1348,"333-49","Time 4","bray",0.833892617449664,4
1349,"333-65","Time 4","bray",0.852686308492201,4
1350,"333-85","Time 4","bray",0.779753761969904,4
1351,"333-9","Time 4","bray",0.844827586206897,4
1352,"333-92","Time 4","bray",0.852836879432624,4
1353,"338-345","Time 4","bray",0.742138364779874,4
1354,"338-43","Time 4","bray",0.830985915492958,4
1355,"338-49","Time 4","bray",0.827368421052632,4
1356,"338-65","Time 4","bray",0.853546910755149,4
1357,"338-85","Time 4","bray",0.852348993288591,4
1358,"338-9","Time 4","bray",0.82392776523702,4
1359,"338-92","Time 4","bray",0.785888077858881,4
1360,"345-43","Time 4","bray",0.803921568627451,4
1361,"345-49","Time 4","bray",0.826961770623742,4
1362,"345-65","Time 4","bray",0.816993464052288,4
1363,"345-85","Time 4","bray",0.84354628422425,4
1364,"345-9","Time 4","bray",0.849462365591398,4
1365,"345-92","Time 4","bray",0.810623556581986,4
1366,"43-49","Time 4","bray",0.822894168466523,4
1367,"43-65","Time 4","bray",0.854117647058824,4
1368,"43-85","Time 4","bray",0.866302864938608,4
1369,"43-9","Time 4","bray",0.879350348027842,4
1370,"43-92","Time 4","bray",0.829573934837093,4
1371,"49-65","Time 4","bray",0.873376623376623,4
1372,"49-85","Time 4","bray",0.80952380952381,4
1373,"49-9","Time 4","bray",0.842443729903537,4
1374,"49-92","Time 4","bray",0.830508474576271,4
1375,"65-85","Time 4","bray",0.828442437923251,4
1376,"65-9","Time 4","bray",0.835616438356164,4
1377,"65-92","Time 4","bray",0.815217391304348,4
1378,"85-9","Time 4","bray",0.831838565022421,4
1379,"85-92","Time 4","bray",0.830232558139535,4
1380,"9-92","Time 4","bray",0.813620071684588,4
1381,"140-149","Time 5","bray",0.74869109947644,5
1382,"140-151","Time 5","bray",0.799457994579946,5
1383,"140-161","Time 5","bray",0.760980592441267,5
1384,"140-171","Time 5","bray",0.770972037283622,5
1385,"140-231","Time 5","bray",0.664444444444444,5
1386,"140-239","Time 5","bray",0.777117384843982,5
1387,"140-248","Time 5","bray",0.681456200227531,5
1388,"140-25","Time 5","bray",0.751918158567775,5
1389,"140-253","Time 5","bray",0.768976897689769,5
1390,"140-290","Time 5","bray",0.773533424283765,5
1391,"140-310","Time 5","bray",0.827586206896552,5
1392,"140-312","Time 5","bray",0.781767955801105,5
1393,"140-328","Time 5","bray",0.846645367412141,5
1394,"140-33","Time 5","bray",0.664502164502164,5
1395,"140-334","Time 5","bray",0.78021978021978,5
1396,"140-367","Time 5","bray",0.787190082644628,5
1397,"140-378","Time 5","bray",0.798581560283688,5
1398,"140-387","Time 5","bray",0.752808988764045,5
1399,"140-388","Time 5","bray",0.745819397993311,5
1400,"140-40","Time 5","bray",0.75402635431918,5
1401,"140-7","Time 5","bray",0.798115746971736,5
1402,"140-73","Time 5","bray",0.762352941176471,5
1403,"140-86","Time 5","bray",0.748387096774194,5
1404,"149-151","Time 5","bray",0.677685950413223,5
1405,"149-161","Time 5","bray",0.613793103448276,5
1406,"149-171","Time 5","bray",0.670020120724346,5
1407,"149-231","Time 5","bray",0.674922600619195,5
1408,"149-239","Time 5","bray",0.651551312649165,5
1409,"149-248","Time 5","bray",0.7408,5
1410,"149-25","Time 5","bray",0.450757575757576,5
1411,"149-253","Time 5","bray",0.758778625954198,5
1412,"149-290","Time 5","bray",0.69937369519833,5
1413,"149-310","Time 5","bray",0.588541666666667,5
1414,"149-312","Time 5","bray",0.714893617021277,5
1415,"149-328","Time 5","bray",0.78494623655914,5
1416,"149-33","Time 5","bray",0.716417910447761,5
1417,"149-334","Time 5","bray",0.649789029535865,5
1418,"149-367","Time 5","bray",0.658263305322129,5
1419,"149-378","Time 5","bray",0.716186252771619,5
1420,"149-387","Time 5","bray",0.714808043875686,5
1421,"149-388","Time 5","bray",0.440124416796268,5
1422,"149-40","Time 5","bray",0.766899766899767,5
1423,"149-7","Time 5","bray",0.644171779141104,5
1424,"149-73","Time 5","bray",0.691275167785235,5
1425,"149-86","Time 5","bray",0.665680473372781,5
1426,"151-161","Time 5","bray",0.753934191702432,5
1427,"151-171","Time 5","bray",0.681528662420382,5
1428,"151-231","Time 5","bray",0.732258064516129,5
1429,"151-239","Time 5","bray",0.73027989821883,5
1430,"151-248","Time 5","bray",0.786310517529215,5
1431,"151-25","Time 5","bray",0.705179282868526,5
1432,"151-253","Time 5","bray",0.742448330683625,5
1433,"151-290","Time 5","bray",0.664459161147903,5
1434,"151-310","Time 5","bray",0.731843575418994,5
1435,"151-312","Time 5","bray",0.761261261261261,5
1436,"151-328","Time 5","bray",0.826589595375723,5
1437,"151-33","Time 5","bray",0.745341614906832,5
1438,"151-334","Time 5","bray",0.705357142857143,5
1439,"151-367","Time 5","bray",0.787790697674419,5
1440,"151-378","Time 5","bray",0.708235294117647,5
1441,"151-387","Time 5","bray",0.662188099808061,5
1442,"151-388","Time 5","bray",0.705024311183144,5
1443,"151-40","Time 5","bray",0.766749379652605,5
1444,"151-7","Time 5","bray",0.740820734341253,5
1445,"151-73","Time 5","bray",0.680701754385965,5
1446,"151-86","Time 5","bray",0.661538461538462,5
1447,"161-171","Time 5","bray",0.76123595505618,5
1448,"161-231","Time 5","bray",0.716608594657375,5
1449,"161-239","Time 5","bray",0.744479495268139,5
1450,"161-248","Time 5","bray",0.735714285714286,5
1451,"161-25","Time 5","bray",0.636608344549125,5
1452,"161-253","Time 5","bray",0.754022988505747,5
1453,"161-290","Time 5","bray",0.755043227665706,5
1454,"161-310","Time 5","bray",0.729549248747913,5
1455,"161-312","Time 5","bray",0.766423357664234,5
1456,"161-328","Time 5","bray",0.856899488926746,5
1457,"161-33","Time 5","bray",0.735593220338983,5
1458,"161-334","Time 5","bray",0.747460087082729,5
1459,"161-367","Time 5","bray",0.707212055974166,5
1460,"161-378","Time 5","bray",0.747747747747748,5
1461,"161-387","Time 5","bray",0.729658792650919,5
1462,"161-388","Time 5","bray",0.613053613053613,5
1463,"161-40","Time 5","bray",0.816770186335404,5
1464,"161-7","Time 5","bray",0.767045454545455,5
1465,"161-73","Time 5","bray",0.718865598027127,5
1466,"161-86","Time 5","bray",0.712682379349046,5
1467,"171-231","Time 5","bray",0.703001579778831,5
1468,"171-239","Time 5","bray",0.650246305418719,5
1469,"171-248","Time 5","bray",0.781045751633987,5
1470,"171-25","Time 5","bray",0.681553398058252,5
1471,"171-253","Time 5","bray",0.766355140186916,5
1472,"171-290","Time 5","bray",0.71244635193133,5
1473,"171-310","Time 5","bray",0.69811320754717,5
1474,"171-312","Time 5","bray",0.737417943107221,5
1475,"171-328","Time 5","bray",0.81058495821727,5
1476,"171-33","Time 5","bray",0.771689497716895,5
1477,"171-334","Time 5","bray",0.579175704989154,5
1478,"171-367","Time 5","bray",0.783166904422254,5
1479,"171-378","Time 5","bray",0.639269406392694,5
1480,"171-387","Time 5","bray",0.741573033707865,5
1481,"171-388","Time 5","bray",0.701587301587302,5
1482,"171-40","Time 5","bray",0.735576923076923,5
1483,"171-7","Time 5","bray",0.634453781512605,5
1484,"171-73","Time 5","bray",0.735849056603774,5
1485,"171-86","Time 5","bray",0.716440422322775,5
1486,"231-239","Time 5","bray",0.726126126126126,5
1487,"231-248","Time 5","bray",0.671484888304862,5
1488,"231-25","Time 5","bray",0.683734939759036,5
1489,"231-253","Time 5","bray",0.747155499367889,5
1490,"231-290","Time 5","bray",0.700813008130081,5
1491,"231-310","Time 5","bray",0.776923076923077,5
1492,"231-312","Time 5","bray",0.765676567656766,5
1493,"231-328","Time 5","bray",0.830708661417323,5
1494,"231-33","Time 5","bray",0.627791563275434,5
1495,"231-334","Time 5","bray",0.711475409836066,5
1496,"231-367","Time 5","bray",0.752941176470588,5
1497,"231-378","Time 5","bray",0.724020442930153,5
1498,"231-387","Time 5","bray",0.733528550512445,5
1499,"231-388","Time 5","bray",0.681643132220796,5
1500,"231-40","Time 5","bray",0.741592920353982,5
1501,"231-7","Time 5","bray",0.7216,5
1502,"231-73","Time 5","bray",0.688524590163934,5
1503,"231-86","Time 5","bray",0.701970443349754,5
1504,"239-248","Time 5","bray",0.760299625468165,5
1505,"239-25","Time 5","bray",0.670480549199085,5
1506,"239-253","Time 5","bray",0.783687943262411,5
1507,"239-290","Time 5","bray",0.685567010309278,5
1508,"239-310","Time 5","bray",0.665529010238908,5
1509,"239-312","Time 5","bray",0.704485488126649,5
1510,"239-328","Time 5","bray",0.758007117437722,5
1511,"239-33","Time 5","bray",0.768566493955095,5
1512,"239-334","Time 5","bray",0.597911227154047,5
1513,"239-367","Time 5","bray",0.762439807383628,5
1514,"239-378","Time 5","bray",0.588888888888889,5
1515,"239-387","Time 5","bray",0.714912280701754,5
1516,"239-388","Time 5","bray",0.710144927536232,5
1517,"239-40","Time 5","bray",0.715976331360947,5
1518,"239-7","Time 5","bray",0.608040201005025,5
1519,"239-73","Time 5","bray",0.706930693069307,5
1520,"239-86","Time 5","bray",0.733333333333333,5
1521,"248-25","Time 5","bray",0.744945567651633,5
1522,"248-253","Time 5","bray",0.753246753246753,5
1523,"248-290","Time 5","bray",0.757575757575758,5
1524,"248-310","Time 5","bray",0.835671342685371,5
1525,"248-312","Time 5","bray",0.784615384615385,5
1526,"248-328","Time 5","bray",0.802874743326489,5
1527,"248-33","Time 5","bray",0.656050955414013,5
1528,"248-334","Time 5","bray",0.755517826825127,5
1529,"248-367","Time 5","bray",0.782870928829916,5
1530,"248-378","Time 5","bray",0.738515901060071,5
1531,"248-387","Time 5","bray",0.743202416918429,5
1532,"248-388","Time 5","bray",0.74934036939314,5
1533,"248-40","Time 5","bray",0.74264705882353,5
1534,"248-7","Time 5","bray",0.748344370860927,5
1535,"248-73","Time 5","bray",0.729957805907173,5
1536,"248-86","Time 5","bray",0.754740834386852,5
1537,"25-253","Time 5","bray",0.765230312035661,5
1538,"25-290","Time 5","bray",0.674044265593561,5
1539,"25-310","Time 5","bray",0.626865671641791,5
1540,"25-312","Time 5","bray",0.729508196721312,5
1541,"25-328","Time 5","bray",0.830769230769231,5
1542,"25-33","Time 5","bray",0.732558139534884,5
1543,"25-334","Time 5","bray",0.654471544715447,5
1544,"25-367","Time 5","bray",0.66120218579235,5
1545,"25-378","Time 5","bray",0.718550106609808,5
1546,"25-387","Time 5","bray",0.706194690265487,5
1547,"25-388","Time 5","bray",0.479576399394856,5
1548,"25-40","Time 5","bray",0.771812080536913,5
1549,"25-7","Time 5","bray",0.67258382642998,5
1550,"25-73","Time 5","bray",0.726384364820847,5
1551,"25-86","Time 5","bray",0.703170028818444,5
1552,"253-290","Time 5","bray",0.721153846153846,5
1553,"253-310","Time 5","bray",0.810964083175803,5
1554,"253-312","Time 5","bray",0.769105691056911,5
1555,"253-328","Time 5","bray",0.825918762088975,5
1556,"253-33","Time 5","bray",0.769325153374233,5
1557,"253-334","Time 5","bray",0.764135702746365,5
1558,"253-367","Time 5","bray",0.792782305005821,5
1559,"253-378","Time 5","bray",0.76510067114094,5
1560,"253-387","Time 5","bray",0.705202312138728,5
1561,"253-388","Time 5","bray",0.761421319796954,5
1562,"253-40","Time 5","bray",0.808362369337979,5
1563,"253-7","Time 5","bray",0.782334384858044,5
1564,"253-73","Time 5","bray",0.743589743589744,5
1565,"253-86","Time 5","bray",0.734470158343484,5
1566,"290-310","Time 5","bray",0.75070821529745,5
1567,"290-312","Time 5","bray",0.726651480637813,5
1568,"290-328","Time 5","bray",0.812316715542522,5
1569,"290-33","Time 5","bray",0.737089201877934,5
1570,"290-334","Time 5","bray",0.702031602708804,5
1571,"290-367","Time 5","bray",0.777452415812592,5
1572,"290-378","Time 5","bray",0.70952380952381,5
1573,"290-387","Time 5","bray",0.682170542635659,5
1574,"290-388","Time 5","bray",0.686274509803922,5
1575,"290-40","Time 5","bray",0.758793969849246,5
1576,"290-7","Time 5","bray",0.707423580786026,5
1577,"290-73","Time 5","bray",0.692035398230089,5
1578,"290-86","Time 5","bray",0.696124031007752,5
1579,"310-312","Time 5","bray",0.75,5
1580,"310-328","Time 5","bray",0.804878048780488,5
1581,"310-33","Time 5","bray",0.80514705882353,5
1582,"310-334","Time 5","bray",0.666666666666667,5
1583,"310-367","Time 5","bray",0.748299319727891,5
1584,"310-378","Time 5","bray",0.735384615384615,5
1585,"310-387","Time 5","bray",0.75771971496437,5
1586,"310-388","Time 5","bray",0.671179883945841,5
1587,"310-40","Time 5","bray",0.782178217821782,5
1588,"310-7","Time 5","bray",0.702479338842975,5
1589,"310-73","Time 5","bray",0.770212765957447,5
1590,"310-86","Time 5","bray",0.767272727272727,5
1591,"312-328","Time 5","bray",0.765060240963855,5
1592,"312-33","Time 5","bray",0.765079365079365,5
1593,"312-334","Time 5","bray",0.737327188940092,5
1594,"312-367","Time 5","bray",0.804154302670623,5
1595,"312-378","Time 5","bray",0.737226277372263,5
1596,"312-387","Time 5","bray",0.747534516765286,5
1597,"312-388","Time 5","bray",0.761194029850746,5
1598,"312-40","Time 5","bray",0.789203084832905,5
1599,"312-7","Time 5","bray",0.746102449888641,5
1600,"312-73","Time 5","bray",0.776978417266187,5
1601,"312-86","Time 5","bray",0.773584905660377,5
1602,"328-33","Time 5","bray",0.845864661654135,5
1603,"328-334","Time 5","bray",0.791666666666667,5
1604,"328-367","Time 5","bray",0.864583333333333,5
1605,"328-378","Time 5","bray",0.789137380191693,5
1606,"328-387","Time 5","bray",0.80440097799511,5
1607,"328-388","Time 5","bray",0.825742574257426,5
1608,"328-40","Time 5","bray",0.793814432989691,5
1609,"328-7","Time 5","bray",0.8005698005698,5
1610,"328-73","Time 5","bray",0.820960698689956,5
1611,"328-86","Time 5","bray",0.828996282527881,5
1612,"33-334","Time 5","bray",0.750788643533123,5
1613,"33-367","Time 5","bray",0.762013729977117,5
1614,"33-378","Time 5","bray",0.757774140752864,5
1615,"33-387","Time 5","bray",0.73974540311174,5
1616,"33-388","Time 5","bray",0.7359900373599,5
1617,"33-40","Time 5","bray",0.748726655348047,5
1618,"33-7","Time 5","bray",0.765793528505393,5
1619,"33-73","Time 5","bray",0.727513227513228,5
1620,"33-86","Time 5","bray",0.722488038277512,5
1621,"334-367","Time 5","bray",0.734513274336283,5
1622,"334-378","Time 5","bray",0.609638554216868,5
1623,"334-387","Time 5","bray",0.737769080234834,5
1624,"334-388","Time 5","bray",0.683690280065898,5
1625,"334-40","Time 5","bray",0.735368956743003,5
1626,"334-7","Time 5","bray",0.580573951434879,5
1627,"334-73","Time 5","bray",0.746428571428571,5
1628,"334-86","Time 5","bray",0.696875,5
1629,"367-378","Time 5","bray",0.770992366412214,5
1630,"367-387","Time 5","bray",0.762982689747004,5
1631,"367-388","Time 5","bray",0.671782762691854,5
1632,"367-40","Time 5","bray",0.826224328593997,5
1633,"367-7","Time 5","bray",0.772005772005772,5
1634,"367-73","Time 5","bray",0.76,5
1635,"367-86","Time 5","bray",0.725,5
1636,"378-387","Time 5","bray",0.721311475409836,5
1637,"378-388","Time 5","bray",0.763698630136986,5
1638,"378-40","Time 5","bray",0.72972972972973,5
1639,"378-7","Time 5","bray",0.632558139534884,5
1640,"378-73","Time 5","bray",0.731843575418994,5
1641,"378-86","Time 5","bray",0.721231766612642,5
1642,"387-388","Time 5","bray",0.717647058823529,5
1643,"387-40","Time 5","bray",0.781115879828326,5
1644,"387-7","Time 5","bray",0.779467680608365,5
1645,"387-73","Time 5","bray",0.66824644549763,5
1646,"387-86","Time 5","bray",0.685834502103787,5
1647,"388-40","Time 5","bray",0.786476868327402,5
1648,"388-7","Time 5","bray",0.720257234726688,5
1649,"388-73","Time 5","bray",0.684499314128944,5
1650,"388-86","Time 5","bray",0.671199011124845,5
1651,"40-7","Time 5","bray",0.75,5
1652,"40-73","Time 5","bray",0.774757281553398,5
1653,"40-86","Time 5","bray",0.774789915966387,5
1654,"7-73","Time 5","bray",0.756521739130435,5
1655,"7-86","Time 5","bray",0.731297709923664,5
1656,"73-86","Time 5","bray",0.690288713910761,5
